{
  "harms": [
    2856.400965844594,
    2810.3370867391423,
    1395.1416592211358
  ],
  "funds": [
    2796.3769748500154,
    2765.6071955350217,
    1305.5654634029465
  ],
  "corrs": [
    2831.5893353179104,
    2765.607195535021,
    1305.5654634029465
  ],
  "rots": [
    {
      "state": {
        "I1st": [
          0,
          0,
          0
        ]
      },
      "a": 30.79827908268099,
      "b": 14.615845057609235,
      "c": 9.616916463278026
    },
    {
      "state": {
        "I1st": [
          1,
          0,
          0
        ]
      },
      "a": 31.7935652916653,
      "b": 14.562255769150775,
      "c": 9.913454639444069
    },
    {
      "state": {
        "I1st": [
          0,
          1,
          0
        ]
      },
      "a": 31.03697083899552,
      "b": 14.778413887943268,
      "c": 9.583231614164523
    },
    {
      "state": {
        "I1st": [
          0,
          0,
          1
        ]
      },
      "a": 34.988190182863576,
      "b": 14.751626891929437,
      "c": 9.48442488137983
    }
  ],
  "rot_equil": [
    28.088295195904937,
    14.486093013231292,
    9.557146301016259
  ],
  "irreps": [
    "A1",
    "B2",
    "A1"
  ],
  "quartic": {
    "sigma": 6.519313953613799,
    "rkappa": -0.46803657558711304,
    "delj": 0.0014453014971547292,
    "delk": 0.04006050215523439,
    "deljk": -0.002775934247744841,
    "sdelk": 0.0009911416926897463,
    "sdelj": 0.0004905572155707973,
    "bxa": 14.493464369511349,
    "bya": 9.551735590700854,
    "bza": 28.086334549940283,
    "djn": 0.0012002207515730496,
    "djkn": -0.0013054497742547634,
    "dkn": 0.03883509842732599,
    "sdjn": 0.0004905572155707973,
    "r5": 0.0011021874780878442,
    "r6": -0.0001225403727908398,
    "dj": 0.0013692857001136667,
    "djk": -0.002319839465498466,
    "dk": 0.03968042317002908,
    "sd1": -0.0004905572155707973,
    "sd2": -0.000038007898520531243,
    "bxs": 14.491330054531888,
    "bys": 9.553565842492151,
    "bzs": 28.08671462892549,
    "djw": 0.0004641870660131347,
    "djkw": 1.5828976297522926e-6,
    "dkw": 0.0019606459646534366,
    "de": 0.0
  },
  "sextic": {
    "phij": 6.313869337551594e-7,
    "phijk": -2.6952605474800656e-6,
    "phikj": -2.25968069943201e-6,
    "phik": 0.00019993937757437132,
    "sphij": 2.816843775943871e-7,
    "sphijk": -1.8278922997697582e-7,
    "sphik": 0.00002604738498463855,
    "hj": 5.677376170524568e-7,
    "hjk": -7.171242859851527e-6,
    "hkj": 0.000013615000092346735,
    "hk": 0.00018860432841166674,
    "h1": 2.351136755157337e-7,
    "h2": 3.182465835135133e-8,
    "h3": 4.6570702078653406e-8,
    "he": 0.0
  },
  "zpt": 3490.782348496187,
  "geom": {
    "atoms": [
      {
        "atomic_number": 8,
        "x": 1.3872836827472258e-17,
        "y": 0.06480201563920651,
        "z": 0.0,
        "weight": null
      },
      {
        "atomic_number": 1,
        "x": -0.7598275923521485,
        "y": -0.5142275057699042,
        "z": 0.0,
        "weight": null
      },
      {
        "atomic_number": 1,
        "x": 0.7598275923521483,
        "y": -0.5142275057699045,
        "z": 0.0,
        "weight": null
      }
    ]
  },
  "lxm": [
    [
      0.0,
      -0.1483603270325108,
      -1.0044238326236102e-16,
      0.6337687414874895,
      0.29551952388085434,
      0.0,
      -0.6337687414874894,
      0.29551952388085495,
      0.0
    ],
    [
      0.27172674503542255,
      2.13690053850284e-16,
      0.0,
      -0.5412535812283967,
      -0.41246436067090997,
      0.0,
      -0.5412535812283963,
      0.4124643606709101,
      0.0
    ],
    [
      0.0,
      0.2998401021532132,
      -3.091047393914346e-17,
      0.3135875991064758,
      -0.5972526887817353,
      0.0,
      -0.3135875991064758,
      -0.5972526887817344,
      0.0
    ],
    [
      0.0,
      0.3700727493695243,
      0.5257643667398615,
      -0.3233966834634429,
      0.5172693459986067,
      2.220446049250313e-16,
      -0.3233966834634431,
      -0.33148089655450586,
      0.0
    ],
    [
      -0.9623744468929203,
      6.033545774895511e-17,
      0.0,
      -0.15282312860736438,
      -0.11645944936513196,
      0.0,
      -0.15282312860736427,
      0.11645944936513199,
      0.0
    ],
    [
      0.0,
      5.0789934808064713e-17,
      -1.8887785890161013e-16,
      -4.438396639102873e-17,
      7.099165341473529e-17,
      -1.0000000000000002,
      -4.4383966391028806e-17,
      -4.549346893226989e-17,
      -0.0
    ],
    [
      0.0,
      0.0,
      0.0,
      0.0,
      0.0,
      0.0,
      0.0,
      0.0,
      -1.0
    ],
    [
      0.0,
      0.2287375314757721,
      -0.8506302549678288,
      -0.19988761449986162,
      0.3197179838650174,
      -2.2204460492503136e-16,
      -0.199887614499862,
      -0.20488436973116197,
      -0.0
    ],
    [
      0.0,
      -0.8359488192299867,
      2.1167862110440997e-16,
      -0.19786151435914123,
      0.04980581353206993,
      0.0,
      -0.1978615143591415,
      -0.4694790675178337,
      0.0
    ]
  ],
  "lx": [
    [
      0.0,
      -0.03709597743821626,
      -2.5114587288047154e-17,
      0.6313035683476832,
      0.2943700402524103,
      0.0,
      -0.6313035683476831,
      0.2943700402524109,
      0.0
    ],
    [
      0.06794248438792609,
      5.343100527585294e-17,
      0.0,
      -0.5391482647258242,
      -0.41085999618195324,
      0.0,
      -0.5391482647258238,
      0.41085999618195335,
      0.0
    ],
    [
      0.0,
      0.07497194086199781,
      -7.728846833828873e-18,
      0.3123678360041189,
      -0.5949295522972722,
      0.0,
      -0.3123678360041189,
      -0.5949295522972713,
      0.0
    ],
    [
      0.0,
      0.09253289363606089,
      0.13146198499633951,
      -0.3221387659213038,
      0.5152573210842696,
      2.2118091702111958e-16,
      -0.32213876592130397,
      -0.33019153381214783,
      0.0
    ],
    [
      -0.2406318554503623,
      1.5086262103542157e-17,
      0.0,
      -0.1522286917929203,
      -0.11600645651828101,
      0.0,
      -0.1522286917929202,
      0.11600645651828104,
      0.0
    ],
    [
      0.0,
      1.2699502039487767e-17,
      -4.7226970528700276e-17,
      -4.421132587624343e-17,
      7.071551685940803e-17,
      -0.996110295477779,
      -4.4211325876243505e-17,
      -4.531651278043251e-17,
      -0.0
    ],
    [
      0.0,
      0.0,
      0.0,
      0.0,
      0.0,
      0.0,
      0.0,
      0.0,
      -0.9961102954777787
    ],
    [
      0.0,
      0.05719347265282798,
      -0.21269136687489204,
      -0.19911011074180548,
      0.31847437537734213,
      -2.2118091702111963e-16,
      -0.19911011074180587,
      -0.20408743007168623,
      -0.0
    ],
    [
      0.0,
      -0.20902042451594002,
      5.292806715720696e-17,
      -0.19709189153196494,
      0.049612083633941324,
      0.0,
      -0.1970918915319652,
      -0.46765293266582136,
      0.0
    ]
  ],
  "linear": false,
  "resonances": {
    "coriolis": [],
    "fermi1": [
      {
        "i": 2,
        "j": 0
      }
    ],
    "fermi2": [],
    "darling": [
      {
        "i": 1,
        "j": 0
      }
    ],